Country,Product,Flow,NoCountry,NoProduct,NoFlow,1971,1972,1973,1974,1975,1976,1977,1978,1979,1980,1981,1982,1983,1984,1985,1986,1987,1988,1989,1990,1991,1992,1993,1994,1995,1996,1997,1998,1999,2000,2001,2002,2003,2004,2005,2006,2007,2008,2009,2010,2011,2012,2013,2014,2015,2016,2017,2018,2019,2020,2021,2022,2023 Provisional
Netherlands,"Coal, peat and oil shale",Production (PJ),26. Netherlands,"01. Coal, peat and oil shale",01. Production (PJ),98.70036008,76.51553683,47.56863384,20.8324073,0,0,0,0,0,0,0,0,0,2.997112406,2.737200049,2.086776482,0,0,0,0,0,0,0,0,0,0,0,0,0,0,0,0,0,0,0,0,0,0,0,0,0,0,0,0,0,0,0,0,0,0,0,0,0
Netherlands,"Coal, peat and oil shale",Imports (PJ),26. Netherlands,"01. Coal, peat and oil shale",02. Imports (PJ),118.914938,106.8635608,122.9628116,132.2572648,117.4473265,129.7362879,132.2781695,148.0574065,192.2228878,214.6600453,264.2132391,253.4086365,228.0429422,326.2776171,336.4228406,354.1726745,367.1044981,414.7905968,396.5739849,389.6353938,367.9539998,370.1616031,361.1261999,398.6440979,409.4291356,386.1334999,392.7625901,396.2499601,328.9635791,340.1960015,371.5611457,368.12336,373.0431264,369.3992832,354.3008534,348.0580666,372.143404,341.3108458,310.6443487,324.731189,316.0489088,340.9651627,341.2668551,405.1506866,451.8392048,430.540882,392.4613331,346.8030189,277.1798466,165.9920416,234.8366658,240.8347425,176.0125068
Netherlands,"Coal, peat and oil shale",Exports (PJ),26. Netherlands,"01. Coal, peat and oil shale",03. Exports (PJ),-65.99932937,-68.28917821,-58.39432118,-42.47256555,-20.18654734,-30.53784094,-32.72446004,-33.22963933,-46.3749646,-59.09623401,-49.94588213,-37.47628545,-41.89402934,-59.98395703,-64.34901841,-87.62657971,-72.78088192,-74.92979052,-52.97045576,-24.75020121,-32.16020082,-34.63969914,-27.34369772,-29.22470136,-32.65549926,-27.56109731,-31.01490168,-34.19329834,-24.81800225,-16.8093028,-23.94240002,-21.03599882,-17.54219796,-10.90849806,-11.12560039,-22.33190134,-17.76679884,-10.20599907,-4.824596178,-4.63699823,-1.741700426,-3.321698263,-9.272497586,-18.30620103,-3.545198021,-2.228034928,-3.683990441,-1.516517575,-2.460666096,-7.880633608,-1.477182589,-4.559119564,-13.80805803
Netherlands,"Coal, peat and oil shale",Total energy supply (PJ),26. Netherlands,"01. Coal, peat and oil shale",04. Total energy supply (PJ),141.59771,118.6727819,119.9975482,121.0143252,92.83407131,97.38488845,100.1927073,122.469929,138.4955047,158.7225007,191.4473543,155.757028,217.1328699,275.7844155,276.5879504,276.9227729,283.9806417,339.4588986,340.9933315,366.8952921,335.6512971,335.3358007,336.5724935,367.1393951,373.9109537,361.3894533,351.8567042,358.1505699,312.5404374,325.3576222,346.4102049,348.1813595,359.5048364,354.8779284,338.8804587,330.0668553,352.10105,333.849583,312.4135815,315.7356608,311.4709863,341.2872072,340.142917,377.0963549,464.2648652,430.2382685,385.7200785,345.9191226,268.9442101,172.0312577,234.3228868,231.346587,158.4304421
Netherlands,"Coal, peat and oil shale","Electricity, CHP and heat plants (PJ)",26. Netherlands,"01. Coal, peat and oil shale","05. Electricity, CHP and heat plants (PJ)",-44.24825023,-37.30235322,-33.01257468,-26.35782355,-19.79599845,-41.48540184,-51.9490524,-57.96784954,-46.06527537,-75.90354809,-100.6491689,-132.211859,-140.1248858,-158.4518995,-155.3414211,-168.0218064,-183.2484988,-232.3506026,-229.7355901,-252.3486141,-229.3693037,-230.8826016,-225.7331726,-253.6545608,-265.9033331,-252.8229786,-239.8949105,-251.9965838,-213.2697723,-232.797489,-248.9977087,-250.4240091,-256.9364342,-248.6940234,-234.5339392,-226.6231188,-242.9004175,-229.6487684,-226.7241086,-221.2468489,-209.0849904,-238.5016482,-246.3177004,-281.5559654,-363.0415185,-329.0099604,-282.2405114,-246.0685774,-170.2401279,-86.49179781,-142.6640293,-143.8032702,..
Netherlands,"Coal, peat and oil shale","Oil refineries, transformation (PJ)",26. Netherlands,"01. Coal, peat and oil shale","06. Oil refineries, transformation (PJ)",0,0,0,0,0,0,0,0,0,0,0,0,0,0,0,0,0,0,0,0,0,0,0,0,0,0,0,0,0,0,0,0,0,0,0,0,0,0,0,0,0,0,0,0,0,0,0,0,0,0,0,0,..
Netherlands,"Coal, peat and oil shale",Total final consumption (PJ),26. Netherlands,"01. Coal, peat and oil shale",07. Total final consumption (PJ),52.28801992,45.52910121,45.35261084,40.03464215,29.19293611,30.32364006,27.88707738,31.37677099,36.67964626,32.45926394,32.47741791,36.50846476,35.95098397,47.20299222,48.46565155,46.01664988,50.73491808,52.8900985,56.8363501,52.20707651,39.8774613,35.28402254,35.53491653,35.13826747,31.41472852,32.46701371,37.50085778,31.60478412,28.48125547,24.71341599,24.12161599,24.42268459,25.98006115,24.98691451,23.48875605,23.59963089,25.55133702,20.81172451,22.08390462,18.66907518,21.34480882,24.60049799,21.11868812,19.69721928,21.39993641,23.87010654,26.88097259,23.46226198,24.89665129,18.45291488,17.13987997,18.66136309,..
Netherlands,"Coal, peat and oil shale",Industry (PJ),26. Netherlands,"01. Coal, peat and oil shale",08. Industry (PJ),29.04741131,28.01169329,31.98019354,31.25064783,24.65481753,27.31131283,24.87238878,28.56491192,33.61633636,29.01292046,29.40331443,33.85482486,33.2937811,45.10697128,44.52717903,41.80217513,46.82820663,49.47019047,48.82110668,40.2226839,29.10036177,24.75942892,25.08932364,25.24777308,20.92943639,21.22117261,27.00220557,22.68488627,21.0515486,18.17434614,17.97098489,18.60556561,19.77110793,18.55939776,17.22224689,17.51768424,18.87891759,13.57240818,16.15003672,12.87736588,15.38226971,18.894459,15.97000432,17.17934475,17.6263652,20.37250407,23.47955347,19.942997,21.69395863,15.50334777,14.99157428,17.15035953,..
Netherlands,"Coal, peat and oil shale",Transport (PJ),26. Netherlands,"01. Coal, peat and oil shale",09. Transport (PJ),0.2600798292,0.2600798292,0,0,0,0,0,0,0,0,0,0,0,0,0,0,0,0,0,0,0,0,0,0,0,0,0,0,0,0,0,0,0,0,0,0,0,0,0,0,0,0,0,0,0,0,0,0,0,0,0,0,..
Netherlands,"Coal, peat and oil shale",Residential (PJ),26. Netherlands,"01. Coal, peat and oil shale",10. Residential (PJ),20.74497854,15.80201734,9.900915332,6.274790654,3.069234223,2.071067609,1.915017199,1.812599698,1.711898784,1.929779856,2.048735218,1.791242831,1.8995386,1.089216954,1.589409763,2.235592102,1.872081565,1.283145343,0.9108550872,0.644599728,0.4980994092,0.4395009564,0.41020173,0.2930006376,0.234397998,0.322299864,0.283697568,0.2050987716,0.1757995452,0.087901866,0.0785987964,0.0785987964,0.0785987964,0.04929957,0.04929957,0.04929957,0.0600010308,0.2650998024,0.0800013744,0.0800013744,0.0800013744,0.0800013744,0.0400006872,0.0264480156,0.0227092032,0.0451295172,0.0471601152,0.04239135,0.0469214676,0.0144402732,0.015847038,0.003056364,..
Netherlands,"Coal, peat and oil shale",Commercial and public services (PJ),26. Netherlands,"01. Coal, peat and oil shale",11. Commercial and public services (PJ),0,0,0,0,0,0,0,0,0,0,0,0,0,0,0,0,0,0,0,0.2837017548,0.1957998888,0.1665006624,0.3372006852,0.04929957,0.0200003436,0,0.0200003436,0.0200003436,0.0200003436,0.0200003436,0.0200003436,0.0200003436,0.0400006872,0.0200003436,0.0400006872,0.0400006872,0.100001718,0.1399982184,0.159998562,0.159998562,0.159998562,0.159998562,0.100001718,0.0400006872,0.1996140636,0.2347999308,0.2351181276,0.2232234288,0.1567412316,0.1820169432,0.1176783876,0.2543983416,..
Netherlands,"Coal, peat and oil shale",Other final consumption (PJ),26. Netherlands,"01. Coal, peat and oil shale",12. Other final consumption (PJ),2.235550234,1.455310746,3.471501967,2.509203668,1.468884352,0.9412638156,1.099667207,0.999263556,1.351415304,1.51656363,1.025372441,0.8624012508,0.7576726356,1.006803983,2.349062755,1.978882646,2.034629888,2.136762688,7.104388327,11.05609951,10.08320023,9.918600376,9.69819885,9.548202553,10.23089797,10.92354123,10.19495011,8.694790362,7.233906985,6.431167634,6.052027774,5.718524033,6.090353741,6.358212644,6.177213094,5.992642202,6.512412488,6.834209936,5.693867968,5.551713547,5.722539174,5.466039059,5.008685587,2.451430015,3.55125632,3.21767303,3.119136692,3.253658576,2.999038334,2.753101516,2.01478027,1.253548854,..
Netherlands,"Crude, NGL and feedstocks",Production (PJ),26. Netherlands,"02. Crude, NGL and feedstocks",01. Production (PJ),73.1895136,69.9534982,66.52589064,67.40216276,67.36871861,66.2430723,68.51678103,65.05880243,67.8545172,67.32927895,68.91294861,81.20953834,124.2368884,147.0225007,174.1933296,213.7682276,199.5979905,182.8462101,163.4110929,172.8667337,164.7797536,148.5642647,147.330444,193.1580306,156.9774215,140.2029194,135.6483677,123.3464984,119.4117982,111.116102,105.0950021,138.4264016,141.764801,128.7341982,106.6084005,94.60759979,117.8716,98.46569831,80.44239935,68.50200163,68.73070139,70.80369912,72.63740029,87.42550027,85.31192827,66.08253365,61.60719195,61.96324998,46.80393994,43.86598283,46.77699788,29.71761751,26.92743351
Netherlands,"Crude, NGL and feedstocks",Imports (PJ),26. Netherlands,"02. Crude, NGL and feedstocks",02. Imports (PJ),2593.317134,2894.615389,3081.346862,2757.844084,2358.162723,2727.825281,2516.327228,2377.8079,2536.846392,2131.500102,1640.549704,1591.003686,1719.468816,1909.396575,1702.889192,2009.414387,2059.719153,2193.791999,2186.704132,2102.156378,2252.985019,2400.71552,2399.298531,2419.360199,2578.982707,2634.553994,2604.45779,2653.472917,2523.98149,2567.946009,2595.586178,2358.411905,2478.098097,2591.487921,2643.550812,2576.8307,2514.744115,2504.44169,2496.661808,2591.137197,2463.57722,2482.21602,2357.45278,2343.047994,2340.594935,2507.438421,2410.540131,2361.539963,2704.209493,2432.387419,2494.932722,2657.773824,2681.073186
Netherlands,"Crude, NGL and feedstocks",Exports (PJ),26. Netherlands,"02. Crude, NGL and feedstocks",03. Exports (PJ),-0.0427011732,0,0,-0.3843105588,-0.2562070392,-0.0427011732,-0.0854023464,0,-1.140103321,-1.011999802,-2.023999603,-1.80400001,-9.592800347,-19.80450184,-61.92944157,-54.20575435,-39.643415,-37.96638388,-43.46961847,-74.47803061,-60.9157838,-51.42197615,-48.62543658,-81.40254145,-85.46877417,-62.88431249,-42.72034874,-28.83449997,-30.79630048,-25.98009883,-31.7603991,-49.49590161,-71.41089816,-58.64779842,-55.54149846,-42.49370051,-66.88520182,-58.79529939,-52.1942984,-60.06439802,-39.98859991,-37.62219961,-34.97679934,-46.89779962,-25.01489908,-31.30488782,-36.78113848,-34.93098738,-36.10466883,-38.82360606,-50.26235815,-29.43151253,-41.69521914
Netherlands,"Crude, NGL and feedstocks",Total energy supply (PJ),26. Netherlands,"02. Crude, NGL and feedstocks",04. Total energy supply (PJ),2616.631878,2986.858808,3133.738723,2756.967347,2436.163992,2779.421909,2597.825116,2457.206447,2553.503374,2158.141657,1740.268093,1691.716691,1867.409126,2050.199656,1825.558003,2145.399549,2215.483529,2329.125955,2321.107923,2204.135652,2374.349269,2447.961503,2496.953958,2493.377837,2659.668033,2710.869863,2705.849701,2758.495617,2612.908887,2637.157108,2645.062582,2451.306806,2571.176695,2655.29062,2685.22091,2622.798402,2567.126514,2546.399187,2493.365406,2603.709395,2511.758119,2499.37292,2399.628878,2440.071298,2372.246633,2519.593393,2449.134309,2377.616878,2683.559798,2446.235214,2542.628588,2540.122366,2714.93885
Netherlands,"Crude, NGL and feedstocks","Electricity, CHP and heat plants (PJ)",26. Netherlands,"02. Crude, NGL and feedstocks","05. Electricity, CHP and heat plants (PJ)",0,0,0,0,0,0,0,0,0,0,0,0,0,0,0,0,0,0,0,0,0,0,0,0,0,0,0,0,0,0,0,0,0,0,0,0,0,0,0,0,0,0,0,0,0,0,0,0,0,0,0,0,..
Netherlands,"Crude, NGL and feedstocks","Oil refineries, transformation (PJ)",26. Netherlands,"02. Crude, NGL and feedstocks","06. Oil refineries, transformation (PJ)",-2615.180042,-2989.506268,-3138.820141,-2762.390375,-2441.672422,-2787.06539,-2603.248144,-2595.647343,-2813.97956,-2455.933061,-2197.220812,-2291.249369,-2543.904315,-2662.497954,-2383.943957,-2889.716167,-2898.851183,-2969.391524,-2984.828679,-2117.800729,-2284.84838,-2353.007592,-2384.727856,-2365.825643,-2571.29601,-2638.397858,-2612.273716,-2680.0276,-2528.8809,-2543.209101,-2532.486601,-2328.014799,-2449.476701,-2539.462601,-2563.988901,-2506.682398,-2452.490498,-2451.063201,-2403.201399,-2537.713398,-2484.1501,-2479.112898,-2410.604901,-2454.595299,-2553.012087,-2590.457591,-2564.68975,-2608.967371,-2651.090058,-2377.876129,-2538.604069,-2518.773684,..
Netherlands,"Crude, NGL and feedstocks",Total final consumption (PJ),26. Netherlands,"02. Crude, NGL and feedstocks",07. Total final consumption (PJ),0,0,0,0,0,0,0,0,0,0,0,0,0,0,0,0,0,0,0,83.84002105,85.05600593,82.49199286,104.3000209,107.9360054,83.22402135,71.59200238,90.45198726,94.61601526,100.5160203,116.6960094,117.1519812,144.1160157,128.7080098,126.3599937,140.0560046,152.8119993,125.8160196,122.5839984,118.5560204,116.9680174,120.6839908,107.883997,111.6480181,113.6879904,92.22919176,96.43528453,90.66838202,73.16830327,61.4801435,68.08854676,60.02299475,62.69758121,..
Netherlands,"Crude, NGL and feedstocks",Industry (PJ),26. Netherlands,"02. Crude, NGL and feedstocks",08. Industry (PJ),0,0,0,0,0,0,0,0,0,0,0,0,0,0,0,0,0,0,0,0,0,0,0,0,0,0,0,0,0,0,0,0,0,0,0,0,0,0,0,0,0,0,0,0,0,0,0,0,0,0,0,0,..
Netherlands,"Crude, NGL and feedstocks",Transport (PJ),26. Netherlands,"02. Crude, NGL and feedstocks",09. Transport (PJ),0,0,0,0,0,0,0,0,0,0,0,0,0,0,0,0,0,0,0,0,0,0,0,0,0,0,0,0,0,0,0,0,0,0,0,0,0,0,0,0,0,0,0,0,0,0,0,0,0,0,0,0,..
Netherlands,"Crude, NGL and feedstocks",Residential (PJ),26. Netherlands,"02. Crude, NGL and feedstocks",10. Residential (PJ),0,0,0,0,0,0,0,0,0,0,0,0,0,0,0,0,0,0,0,0,0,0,0,0,0,0,0,0,0,0,0,0,0,0,0,0,0,0,0,0,0,0,0,0,0,0,0,0,0,0,0,0,..
Netherlands,"Crude, NGL and feedstocks",Commercial and public services (PJ),26. Netherlands,"02. Crude, NGL and feedstocks",11. Commercial and public services (PJ),0,0,0,0,0,0,0,0,0,0,0,0,0,0,0,0,0,0,0,0,0,0,0,0,0,0,0,0,0,0,0,0,0,0,0,0,0,0,0,0,0,0,0,0,0,0,0,0,0,0,0,0,..
Netherlands,"Crude, NGL and feedstocks",Other final consumption (PJ),26. Netherlands,"02. Crude, NGL and feedstocks",12. Other final consumption (PJ),0,0,0,0,0,0,0,0,0,0,0,0,0,0,0,0,0,0,0,83.84002105,85.05600593,82.49199286,104.3000209,107.9360054,83.22402135,71.59200238,90.45198726,94.61601526,100.5160203,116.6960094,117.1519812,144.1160157,128.7080098,126.3599937,140.0560046,152.8119993,125.8160196,122.5839984,118.5560204,116.9680174,120.6839908,107.883997,111.6480181,113.6879904,92.22919176,96.43528453,90.66838202,73.16830327,61.4801435,68.08854676,60.02299475,62.69758121,..
Netherlands,Oil products,Production (PJ),26. Netherlands,03. Oil products,01. Production (PJ),0,0,0,0,0,0,0,0,0,0,0,0,0,0,0,0,0,0,0,0,0,0,0,0,0,0,0,0,0,0,0,0,0,0,0,0,0,0,0,0,0,0,0,0,0,0,0,0,0,0,0,0,0
Netherlands,Oil products,Imports (PJ),26. Netherlands,03. Oil products,02. Imports (PJ),351.0736009,347.8531981,415.9201996,455.235202,403.4409984,420.0138014,390.9231991,576.5157993,815.734998,1207.141002,1375.829,1532.052198,1550.052202,1386.624199,1574.080402,1688.3764,1472.914599,1469.540398,1624.947401,1703.997254,1548.028537,1332.030973,1389.098547,1296.255416,1202.010874,1291.463719,1502.664584,1420.5555,1503.74207,1804.924431,1860.718984,2062.514843,2010.459881,2332.763911,2588.08553,2891.334361,2741.205209,2941.268751,3232.376055,3514.732737,3530.493828,3720.650916,3693.698206,3577.3779,3967.069924,3922.339802,3813.125889,3694.652521,3534.4476,3093.20475,3487.426926,3599.30858,3256.835043
Netherlands,Oil products,Exports (PJ),26. Netherlands,03. Oil products,03. Exports (PJ),-1436.182002,-1574.6492,-1750.2218,-1651.707199,-1392.233602,-1517.764601,-1367.919598,-1352.0202,-1604.469201,-1740.3242,-1689.113201,-1945.163398,-2157.6976,-2185.626198,-2166.667401,-2379.984199,-2368.253401,-2313.458602,-2467.3536,-2355.806982,-2320.404013,-2198.606815,-2285.192799,-2148.373011,-2262.234736,-2295.988199,-2437.557418,-2405.083198,-2381.035802,-2559.40178,-2634.317817,-2610.142405,-2580.008381,-2911.089735,-3164.459707,-3360.420159,-3180.27387,-3361.693646,-3766.589469,-4188.463709,-4142.766374,-4287.05172,-4258.843612,-4222.70657,-4700.825959,-4773.922605,-4702.215512,-4625.620974,-4457.881312,-3847.572079,-4526.465647,-4490.742998,-4409.048717
Netherlands,Oil products,Total energy supply (PJ),26. Netherlands,03. Oil products,04. Total energy supply (PJ),-1464.361402,-1740.068198,-1858.3882,-1636.575602,-1415.901398,-1564.362002,-1459.646002,-1277.355999,-1252.040199,-950.0073989,-644.8821988,-781.6686015,-995.9511985,-1164.254802,-982.4999982,-1207.828998,-1269.871002,-1349.268799,-1356.983999,-1160.622732,-1344.531074,-1400.660044,-1439.982051,-1418.246798,-1551.922462,-1590.145283,-1565.411633,-1608.754701,-1456.859129,-1489.759347,-1470.061835,-1243.424364,-1265.7055,-1355.609226,-1394.12478,-1318.632396,-1259.19166,-1313.403694,-1294.620416,-1353.617774,-1321.277143,-1300.204803,-1253.135805,-1334.025874,-1477.867022,-1473.060111,-1453.400138,-1515.229343,-1606.157625,-1385.003819,-1474.626326,-1525.566272,-1667.085169
Netherlands,Oil products,"Electricity, CHP and heat plants (PJ)",26. Netherlands,03. Oil products,"05. Electricity, CHP and heat plants (PJ)",-117.0873998,-101.6909997,-64.98759752,-39.90339853,-37.75899912,-34.98600193,-41.90079939,-87.34340131,-199.1033996,-215.3729988,-211.6130012,-131.7622971,-59.61010091,-32.04010246,-30.31280044,-32.28040385,-32.9419015,-33.14460123,-32.28689757,-25.76569699,-35.68489608,-35.34780006,-33.26780201,-42.85269768,-66.74660199,-64.60750307,-74.10640187,-78.93070497,-71.47500225,-66.72020003,-65.03170127,-68.30479916,-70.96070412,-67.64660071,-64.24369946,-35.4882044,-38.68699915,-37.70769826,-29.86719931,-29.51809974,-35.34149893,-30.87909863,-31.33389816,-46.56679959,-29.40573022,-27.42313388,-22.6228965,-22.96368109,-23.73056469,-19.86971963,-19.32889392,-23.85700605,..
Netherlands,Oil products,"Oil refineries, transformation (PJ)",26. Netherlands,03. Oil products,"06. Oil refineries, transformation (PJ)",2544.906199,2914.535899,3061.547899,2696.7195,2382.568099,2722.450602,2544.275998,2548.805998,2762.928199,2425.171302,2165.391599,2271.434099,2525.543501,2643.4062,2371.272201,2873.878198,2885.415001,2956.264399,2978.705002,2092.848201,2252.457202,2321.255101,2352.8387,2348.398101,2534.294901,2595.836398,2563.707598,2624.899301,2482.6493,2504.954699,2486.979598,2285.825299,2399.586298,2486.530099,2517.5917,2458.449499,2394.335302,2406.805401,2355.1461,2478.6167,2437.730299,2424.5202,2368.859101,2419.820002,2532.512539,2564.126132,2543.996445,2599.331836,2646.51098,2365.889605,2521.841826,2495.751329,..
Netherlands,Oil products,Total final consumption (PJ),26. Netherlands,03. Oil products,07. Total final consumption (PJ),819.4848007,919.800198,982.4546007,874.2294004,812.0157002,984.5385009,905.339602,1007.984602,1114.174699,1019.5161,986.3038986,765.6332999,857.7107997,850.1401986,826.3472004,1038.411601,889.5158008,778.5696997,760.9426981,809.9267676,780.2572857,803.1451564,788.6138622,811.6993121,821.7103361,855.2767282,850.8615675,849.9624983,872.8886782,860.7895966,877.9444527,903.9267078,993.2251563,991.6398872,981.1306634,1008.011163,1014.433777,965.5197944,952.3434617,1008.90288,952.9046771,969.0548227,915.8918955,865.0242391,892.3642064,933.7602368,968.6972658,962.9577114,914.1751777,902.1222556,892.3417819,821.3562166,..
Netherlands,Oil products,Industry (PJ),26. Netherlands,03. Oil products,08. Industry (PJ),114.0368011,107.756802,111.0552008,88.63319948,72.93390109,87.05609891,68.35239889,105.5027001,125.1134996,106.4423017,116.8684009,86.64390007,93.88530143,100.0458008,90.89330111,89.96159994,97.98499924,43.00410074,44.30630021,133.8947014,119.2817017,118.392798,121.058902,121.1266989,113.3811984,122.2684016,111.4696018,104.7232017,123.6101998,115.5881989,124.3745001,135.1548989,141.2613006,136.3195996,133.4324786,155.9472552,163.2251864,144.2369347,139.6185552,149.2775572,133.45528,146.7139628,136.1341453,139.2841722,135.3334449,151.9745975,149.173733,149.5737649,137.0813921,149.6430272,141.8744575,137.5231078,..
Netherlands,Oil products,Transport (PJ),26. Netherlands,03. Oil products,09. Transport (PJ),239.8070003,256.4325989,270.3421994,251.526201,270.8658006,312.1428002,322.2073985,316.4913991,308.1868018,314.3789994,320.1055998,307.5984015,314.3812017,320.0705982,318.3262014,330.9243999,332.6085988,345.8059995,361.4966019,381.0890004,387.5688019,407.889398,419.8796019,412.1930014,415.9596016,433.2508009,432.8949982,442.4536008,449.3412008,448.4992018,452.1991984,462.4289994,469.1420015,476.1831985,479.0869997,491.0144016,480.6195987,485.350398,464.7392003,472.761599,473.6554012,453.1822004,431.7593999,394.231801,400.5029576,402.4793156,413.2340492,413.4432804,407.7062674,346.5149126,349.0112461,347.0440237,..
Netherlands,Oil products,Residential (PJ),26. Netherlands,03. Oil products,10. Residential (PJ),182.7899981,196.7590009,198.3007984,129.0065998,105.4526008,104.2441983,101.004599,88.29879976,87.44740142,58.99099879,47.75359829,54.67759834,56.84379841,21.26999907,15.59819973,14.97180002,13.38800057,10.94499858,10.56799818,10.1770013,9.786000233,9.050798153,9.657800417,8.340398676,5.74699846,5.179000424,3.96039879,3.707800772,3.497799258,3.14679888,2.936801552,2.634799295,2.378801596,2.123201642,1.867199756,1.749198985,1.703198614,1.795199357,1.795199357,1.979200843,1.660200178,1.752200921,1.844201664,1.568199434,1.548885726,1.539980402,1.535806163,1.529324996,1.524250595,1.519264116,1.514403241,1.509630289,..
Netherlands,Oil products,Commercial and public services (PJ),26. Netherlands,03. Oil products,11. Commercial and public services (PJ),51.61399955,59.05200047,44.97520013,37.98200065,54.41019998,77.24159913,58.41579946,50.67140014,46.50480145,31.41619808,27.34540175,15.4091992,16.72779837,60.48620137,67.33759812,59.92040141,45.15499806,54.59340179,50.71259825,7.693399912,7.741200607,7.871598493,8.233199849,7.674998926,7.269599455,8.665800959,9.073800432,8.521000481,8.228799522,8.125800055,8.356601592,8.760401705,8.746798792,9.195799597,9.320201986,9.964198814,8.872201825,8.396200346,8.708799395,9.506200576,8.533401782,9.504601218,9.242201902,7.347599539,8.673140419,8.389216764,8.904754195,9.92491407,11.53849842,9.853696602,9.362798489,7.73313683,..
Netherlands,Oil products,Other final consumption (PJ),26. Netherlands,03. Oil products,12. Other final consumption (PJ),231.2369975,299.7997956,357.781202,367.0813995,308.3531978,403.8538001,355.3593978,447.0202985,546.9221948,508.2875976,474.2308978,301.3042008,375.8726998,348.2675992,334.1918958,542.6334002,400.3791958,324.2211991,293.8591996,277.0726646,255.8795854,259.9405595,229.7843663,262.3642143,279.3529424,285.9127327,293.4627682,290.5569029,288.2106788,285.4295927,290.0773552,294.9476043,371.6962538,367.8180879,357.4237875,349.3361083,360.0135912,325.7410577,337.4817032,375.3783224,335.6003981,357.9018614,336.9119467,322.5924711,346.305782,369.3771308,395.8489232,388.4864229,356.3247692,394.5913592,390.5788808,327.546318,..
Netherlands,Natural gas,Production (PJ),26. Netherlands,04. Natural gas,01. Production (PJ),1387.5273,1850.998498,2250.9657,2669.792402,2875.689902,3079.778398,3067.023601,2808.5076,2963.799902,2885.185799,2678.311799,2280.021301,2422.4832,2445.1146,2554.955101,2343.382201,2350.0296,2076.667198,2269.985399,2283.000301,2581.199998,2592.199798,2642.399999,2506.599902,2548.199699,2883.899702,2554.199999,2436.399901,2265.599701,2208.9996,2327.3001,2286.700202,2185.800302,2578.200299,2351.999699,2322.099901,2232.0999,2552.699701,2357.999999,2709.600299,2501.900101,2462.499902,2606.599798,2173.899599,1651.720107,1594.702259,1365.524535,1169.546955,998.8722326,723.4171005,648.8485806,539.3610643,354.7670619
Netherlands,Natural gas,Imports (PJ),26. Netherlands,04. Natural gas,02. Imports (PJ),0,0,0,0,0,0,9.156598589,55.71540139,65.45610044,119.8340997,106.0838991,107.3052012,100.6424994,108.2133014,66.18330155,62.87850121,67.38119946,79.5564013,82.10159888,85.10039857,73.29960132,88.59960041,110.5001985,110.1995989,115.5995995,170.8002004,216.6003006,216.1997997,324.5004,522.2996994,641.5001981,802.7000996,764.2997999,565.299898,688.2003012,755.2998002,782.9000985,793.8000011,770.1003015,772.4996979,719.4995996,841.4000987,913.1004011,934.7003995,1220.846345,1377.272089,726.7961956,937.9733718,1078.208471,1094.606132,931.6342258,1170.196566,1202.708743
Netherlands,Natural gas,Exports (PJ),26. Netherlands,04. Natural gas,03. Exports (PJ),-551.8565982,-769.6871983,-1057.508099,-1388.585702,-1560.706201,-1705.338001,-1719.129601,-1499.776199,-1655.775898,-1730.916,-1572.176702,-1239.903901,-1301.8176,-1263.420901,-1266.641999,-1044.805498,-1009.652401,-880.1685018,-1045.6785,-1081.400399,-1215.600302,-1287,-1317.6999,-1219.899601,-1219.599901,-1464.000299,-1273.499999,-1166.0004,-1142.6004,-1241.9001,-1485.999902,-1575.0999,-1442.600098,-1605.999598,-1564.900198,-1639.8999,-1670.200199,-1851.699599,-1668.500098,-1786.100402,-1719.299698,-1906.499699,-2128.100399,-1846.700099,-1660.22274,-1789.686237,-783.4055918,-745.4013174,-725.2705801,-500.0269868,-504.45274,-535.6252161,-598.9622724
Netherlands,Natural gas,Total energy supply (PJ),26. Netherlands,04. Natural gas,04. Total energy supply (PJ),835.6707016,1081.3113,1193.457602,1281.2067,1314.983701,1374.290099,1355.995801,1362.7098,1373.166898,1274.1156,1212.219,1147.455899,1221.304499,1290.298499,1354.986,1361.587499,1407.249899,1275.305401,1306.115099,1286.500498,1438.799401,1393.699501,1434.6999,1396.700101,1444.199402,1590.899402,1496.800799,1487.4993,1447.799401,1465.699499,1501.9002,1498.800599,1506.500099,1538.700301,1478.999698,1433.7,1395.700201,1450.999799,1485.999902,1677.500098,1467.199801,1402.000201,1397.586932,1218.477295,1198.760925,1257.600312,1304.762478,1287.097578,1342.241485,1316.686991,1262.522875,978.0149347,918.2079161
Netherlands,Natural gas,"Electricity, CHP and heat plants (PJ)",26. Netherlands,04. Natural gas,"05. Electricity, CHP and heat plants (PJ)",-254.6118014,-332.0694017,-392.3739002,-429.1586979,-412.9218019,-408.7466998,-408.1625993,-359.2827016,-296.3961031,-239.3658037,-215.0505021,-245.591098,-309.5829028,-339.0471017,-339.8544005,-359.0387995,-354.3048015,-306.6722981,-332.4888019,-296.0900983,-337.9050013,-349.0236013,-368.2521,-367.5014988,-377.0927961,-411.4323017,-439.5194997,-453.0869968,-449.3763029,-453.437097,-479.2167026,-493.1298032,-490.9544968,-521.6220072,-495.6875989,-474.3746977,-493.6797017,-507.9878981,-541.044003,-577.4363971,-512.0865032,-423.9935977,-414.9441016,-390.3299965,-342.9740647,-381.9404909,-410.9036763,-398.0237607,-472.2357453,-474.6679579,-377.0759484,-321.3913954,..
Netherlands,Natural gas,"Oil refineries, transformation (PJ)",26. Netherlands,04. Natural gas,"06. Oil refineries, transformation (PJ)",0,0,0,0,0,0,0,0,0,0,0,0,0,0,0,0,0,0,0,0,0,0,0,0,0,0,0,0,0,0,0,0,0,0,0,0,0,0,0,0,0,0,0,0,0,0,0,0,0,0,0,0,..
Netherlands,Natural gas,Total final consumption (PJ),26. Netherlands,04. Natural gas,07. Total final consumption (PJ),565.6896012,746.0324984,807.855298,847.6650001,904.9292998,958.7042994,966.8609981,1019.551499,1077.498,1015.561801,976.3434009,892.9700992,904.5450018,940.1660994,1009.826099,978.7031986,1029.0438,940.2237014,938.8539019,992.2537349,1101.824694,1050.676593,1070.566573,1023.076496,1053.36827,1169.328023,1031.45893,994.5533934,965.0519655,966.2325971,971.5868151,935.6410562,949.5539978,953.617731,931.5167359,898.1659222,846.7186577,885.7184611,887.1527122,1032.772229,882.1598234,922.1464346,923.4057822,784.6873806,809.1163329,828.3039349,839.2678243,820.447748,806.785646,768.9975737,828.0508428,647.7558886,..
Netherlands,Natural gas,Industry (PJ),26. Netherlands,04. Natural gas,08. Industry (PJ),253.5831005,322.3979984,341.0226014,361.4561992,241.9658986,243.496802,296.9279984,294.5384995,324.000898,279.0935994,292.2371997,301.646702,286.9884012,273.735002,262.2986992,242.5976993,269.3870982,258.6807011,262.3247997,283.0888366,291.7175927,292.0368907,281.1081704,273.3737942,266.2777711,277.9950208,254.935328,248.7809916,253.7189663,249.0639983,236.1905136,233.2945543,228.4712979,229.4858307,229.8767355,220.3255226,213.9979574,208.4954638,188.6456106,207.6432281,203.4779232,199.6093325,202.3730811,192.6103804,202.4256798,210.5799083,216.0560836,212.0043832,211.0155239,207.5929405,213.4173654,183.8972183,..
Netherlands,Natural gas,Transport (PJ),26. Netherlands,04. Natural gas,09. Transport (PJ),0,0,0,0,0,0,0,0,0,0,0,0,0,0,0,0,0,0,0,0,0,0,0,0,0,0,0,0.001800324,0.003600648,0.006301134,0.009901782,0.0161987292,0.0224998632,0.0279008352,0.0306013212,0.0558016704,0.0881991288,0.1304983692,0.2628012492,0.3878986464,0.7236004572,0.9926986536,1.096200536,1.27529928,1.510157826,1.868669323,2.386182924,2.501813966,2.671027675,2.529212386,2.58763918,2.585495538,..
Netherlands,Natural gas,Residential (PJ),26. Netherlands,04. Natural gas,10. Residential (PJ),212.364,273.9420016,299.1887992,307.8558017,366.4349995,399.4209,389.3219993,423.1862989,450.773099,478.0124993,443.6360997,397.972799,386.0991011,377.3447996,424.4256001,392.9462985,380.2715989,332.3448011,329.1911986,350.3087982,405.2033984,372.3677997,391.4153993,366.7887003,402.4242005,471.2624985,395.3636982,375.9461991,356.5989,356.238898,378.6236995,365.3612988,374.1830999,357.6842986,343.9314016,346.6674001,309.5685002,350.7408006,349.2756006,406.7423991,315.9800987,337.9077017,358.9667991,267.7041009,285.2872248,297.2544808,288.2946367,286.3852675,276.5444746,264.7340436,300.43755,237.4506148,..
Netherlands,Natural gas,Commercial and public services (PJ),26. Netherlands,04. Natural gas,11. Commercial and public services (PJ),0,0,0,0,0,2.78819946,2.712598412,2.648699471,2.234700313,1.152898182,1.032301595,1.405801836,0.6632979768,0.7686001836,0.697499946,1.266301847,0.930600036,144.8162999,141.920102,135.6686988,157.9310992,144.3491996,154.5146997,144.0719999,148.1381991,172.7145016,149.9391009,144.6533999,134.7893996,135.1224009,145.4940005,136.8684012,146.8674007,161.8145991,147.5063985,147.6081,131.9094003,143.8604995,148.0175984,168.9408006,134.8848,152.1225004,152.6678981,120.894298,130.3191783,130.9114347,129.8943396,125.778891,116.1637248,104.4498329,113.9429205,95.75318363,..
Netherlands,Natural gas,Other final consumption (PJ),26. Netherlands,04. Natural gas,12. Other final consumption (PJ),99.74250065,149.6924984,167.6439016,178.3529992,296.5284018,312.9983979,277.898402,299.1780014,300.4892988,257.3028001,239.4377999,191.9448006,230.7941973,288.3176976,322.4042995,341.8929031,378.4544984,204.3818993,205.4178016,223.1874014,246.9725996,241.9226992,243.5282993,238.8420015,236.5280995,247.3559975,231.220803,225.1710026,219.941099,225.8010029,211.2686997,200.1005991,200.0096995,204.6050976,210.1716032,183.509102,191.1546007,182.4911988,200.9511014,249.0579024,227.0934011,231.5141971,208.3017992,202.203298,189.5740879,187.6894459,202.6365773,193.7773923,200.390895,189.6915402,197.665372,128.0693762,..
Netherlands,Nuclear,Production (PJ),26. Netherlands,05. Nuclear,01. Production (PJ),4.418183502,3.556364216,12.08727067,35.74909228,36.38181825,42.24000137,40.47272797,44.29090953,38.0618178,45.818183,39.90545425,42.51272533,39.15272622,40.48363458,42.53454693,45.9927265,38.79272841,40.09090855,43.84363788,38.20363728,36.31636182,41.45454513,43.06909244,43.27636416,43.83272708,45.38181795,26.2690927,41.60727122,41.80363632,42.8290925,43.37454462,42.70909044,43.83272708,41.69454506,43.60363794,37.84363528,45.818183,45.47999841,46.3418177,43.29818157,45.17454623,42.70909044,31.5381805,44.62908993,44.48727464,43.20000111,37.11794142,38.34294467,42.65179827,44.58941581,41.75952001,45.34159537,43.47592379
Netherlands,Nuclear,Imports (PJ),26. Netherlands,05. Nuclear,02. Imports (PJ),0,0,0,0,0,0,0,0,0,0,0,0,0,0,0,0,0,0,0,0,0,0,0,0,0,0,0,0,0,0,0,0,0,0,0,0,0,0,0,0,0,0,0,0,0,0,0,0,0,0,0,0,0
Netherlands,Nuclear,Exports (PJ),26. Netherlands,05. Nuclear,03. Exports (PJ),0,0,0,0,0,0,0,0,0,0,0,0,0,0,0,0,0,0,0,0,0,0,0,0,0,0,0,0,0,0,0,0,0,0,0,0,0,0,0,0,0,0,0,0,0,0,0,0,0,0,0,0,0
Netherlands,Nuclear,Total energy supply (PJ),26. Netherlands,05. Nuclear,04. Total energy supply (PJ),4.418183502,3.556364216,12.08727067,35.74909228,36.38181825,42.24000137,40.47272797,44.29090953,38.0618178,45.818183,39.90545425,42.51272533,39.15272622,40.48363458,42.53454693,45.9927265,38.79272841,40.09090855,43.84363788,38.20363728,36.31636182,41.45454513,43.06909244,43.27636416,43.83272708,45.38181795,26.2690927,41.60727122,41.80363632,42.8290925,43.37454462,42.70909044,43.83272708,41.69454506,43.60363794,37.84363528,45.818183,45.47999841,46.3418177,43.29818157,45.17454623,42.70909044,31.5381805,44.62908993,44.48727464,43.20000111,37.11794142,38.34294467,42.65179827,44.58941581,41.75952001,45.34159537,43.47592379
Netherlands,Nuclear,"Electricity, CHP and heat plants (PJ)",26. Netherlands,05. Nuclear,"05. Electricity, CHP and heat plants (PJ)",-4.418183502,-3.556364216,-12.08727067,-35.74909228,-36.38181825,-42.24000137,-40.47272797,-44.29090953,-38.0618178,-45.818183,-39.90545425,-42.51272533,-39.15272622,-40.48363458,-42.53454693,-45.9927265,-38.79272841,-40.09090855,-43.84363788,-38.20363728,-36.31636182,-41.45454513,-43.06909244,-43.27636416,-43.83272708,-45.38181795,-26.2690927,-41.60727122,-41.80363632,-42.8290925,-43.37454462,-42.70909044,-43.83272708,-41.69454506,-43.60363794,-37.84363528,-45.818183,-45.47999841,-46.3418177,-43.29818157,-45.17454623,-42.70909044,-31.5381805,-44.62908993,-44.48727464,-43.20000111,-37.11794142,-38.34294467,-42.65179827,-44.58941581,-41.75952001,-45.34159537,..
Netherlands,Nuclear,"Oil refineries, transformation (PJ)",26. Netherlands,05. Nuclear,"06. Oil refineries, transformation (PJ)",0,0,0,0,0,0,0,0,0,0,0,0,0,0,0,0,0,0,0,0,0,0,0,0,0,0,0,0,0,0,0,0,0,0,0,0,0,0,0,0,0,0,0,0,0,0,0,0,0,0,0,0,..
Netherlands,Nuclear,Total final consumption (PJ),26. Netherlands,05. Nuclear,07. Total final consumption (PJ),0,0,0,0,0,0,0,0,0,0,0,0,0,0,0,0,0,0,0,0,0,0,0,0,0,0,0,0,0,0,0,0,0,0,0,0,0,0,0,0,0,0,0,0,0,0,0,0,0,0,0,0,..
Netherlands,Nuclear,Industry (PJ),26. Netherlands,05. Nuclear,08. Industry (PJ),0,0,0,0,0,0,0,0,0,0,0,0,0,0,0,0,0,0,0,0,0,0,0,0,0,0,0,0,0,0,0,0,0,0,0,0,0,0,0,0,0,0,0,0,0,0,0,0,0,0,0,0,..
Netherlands,Nuclear,Transport (PJ),26. Netherlands,05. Nuclear,09. Transport (PJ),0,0,0,0,0,0,0,0,0,0,0,0,0,0,0,0,0,0,0,0,0,0,0,0,0,0,0,0,0,0,0,0,0,0,0,0,0,0,0,0,0,0,0,0,0,0,0,0,0,0,0,0,..
Netherlands,Nuclear,Residential (PJ),26. Netherlands,05. Nuclear,10. Residential (PJ),0,0,0,0,0,0,0,0,0,0,0,0,0,0,0,0,0,0,0,0,0,0,0,0,0,0,0,0,0,0,0,0,0,0,0,0,0,0,0,0,0,0,0,0,0,0,0,0,0,0,0,0,..
Netherlands,Nuclear,Commercial and public services (PJ),26. Netherlands,05. Nuclear,11. Commercial and public services (PJ),0,0,0,0,0,0,0,0,0,0,0,0,0,0,0,0,0,0,0,0,0,0,0,0,0,0,0,0,0,0,0,0,0,0,0,0,0,0,0,0,0,0,0,0,0,0,0,0,0,0,0,0,..
Netherlands,Nuclear,Other final consumption (PJ),26. Netherlands,05. Nuclear,12. Other final consumption (PJ),0,0,0,0,0,0,0,0,0,0,0,0,0,0,0,0,0,0,0,0,0,0,0,0,0,0,0,0,0,0,0,0,0,0,0,0,0,0,0,0,0,0,0,0,0,0,0,0,0,0,0,0,..
Netherlands,Renewables and waste,Production (PJ),26. Netherlands,06. Renewables and waste,01. Production (PJ),0,0,0,0,7.938001141,7.800000026,8.427999092,11.43400008,10.25300009,9.503998319,8.529001456,2.441000696,2.131001651,0.1549995228,3.598801621,4.515400998,5.725800691,14.92880158,15.68599692,41.49699928,41.70839918,42.94199794,46.99260552,47.12359793,52.09079652,61.86599481,68.95560373,75.21479855,79.57379745,85.49360608,90.18159953,98.17959752,100.8474014,108.4554366,113.0304074,119.2047316,125.1923789,138.9288929,152.6427438,159.1320996,166.2257864,191.9207935,209.7363979,217.8100053,234.9338582,233.2375887,263.0266456,262.7954044,283.1977101,319.0167136,351.7395115,374.1548934,407.1580185
Netherlands,Renewables and waste,Imports (PJ),26. Netherlands,06. Renewables and waste,02. Imports (PJ),0,0,0,0,0,0,0,0,0,0,0,0,0,0,0,0,0,0,0,0.7499982312,0.78000084,0.7199998092,0.6900013872,0.7199998092,0.6900013872,0.78000084,0.6300003564,0.6900013872,0.7939973124,0.8419989744,1.821999064,5.414993593,3.518017315,11.82560404,25.84103008,23.73857403,27.32330801,35.10528805,29.67493308,29.77030839,33.34975025,36.17699999,30.54399553,27.78100061,26.75918276,29.77110807,28.71314139,30.08140856,40.12392566,66.72565962,81.46262203,77.38513519,65.91884233
Netherlands,Renewables and waste,Exports (PJ),26. Netherlands,06. Renewables and waste,03. Exports (PJ),0,0,0,0,0,0,0,0,0,0,0,0,0,0,0,0,0,0,0,-0.6300003564,-0.6599987784,-0.6000019344,-0.5699993256,-0.6000019344,-0.5699993256,-0.6599987784,-0.5099982948,-2.421000353,-3.252000604,-4.984000214,-7.426001556,-11.65600096,-11.77600302,-14.95021288,-13.51455079,-13.01099598,-13.90999823,-16.1639034,-13.74899903,-24.53512948,-21.56749633,-46.22400115,-59.61999851,-71.38299732,-67.30994431,-61.95752663,-73.11763462,-59.43168462,-65.66686814,-70.07553923,-67.24051879,-47.7606991,-69.58243886
Netherlands,Renewables and waste,Total energy supply (PJ),26. Netherlands,06. Renewables and waste,04. Total energy supply (PJ),0,0,0,0,7.938001141,7.800000026,8.427999092,11.43400008,10.25300009,9.503998319,8.529001456,2.441000696,2.131001651,0.1549995228,3.598801621,4.515400998,5.725800691,14.92880158,15.68599692,41.61700134,41.82840125,43.062,47.11260758,47.24359999,52.21079858,61.98599687,69.07560579,73.48379959,77.11579835,81.35160484,84.57759704,91.93859434,92.58941565,105.3308278,125.3568825,129.9003392,135.7051365,153.7045204,168.110688,166.9520999,176.2467917,179.5687998,176.6244076,177.2130047,194.881217,200.3693665,214.5822797,226.1720329,255.8432523,307.7713791,356.1246904,385.3609683,388.0940276
Netherlands,Renewables and waste,"Electricity, CHP and heat plants (PJ)",26. Netherlands,06. Renewables and waste,"05. Electricity, CHP and heat plants (PJ)",0,0,0,0,-7.938001141,-7.800000026,-8.427999092,-11.43400008,-10.25300009,-9.503998319,-8.529001456,-2.441000696,-2.131001651,-0.1549995228,-3.598801621,-4.515400998,-5.725800691,-7.772802574,-8.524002416,-24.34299723,-24.34139787,-25.0049973,-28.66459963,-28.51159721,-33.04580113,-41.93199942,-48.10360221,-52.03380998,-55.0347868,-58.83159476,-61.14860337,-68.52260487,-68.70241119,-79.22081672,-98.30290715,-98.17836241,-91.09714802,-109.1464177,-119.5077596,-124.0516392,-129.8108003,-132.1007999,-128.0313978,-123.4970096,-141.7795008,-149.2825479,-157.9569946,-155.8911144,-177.0712815,-229.2708971,-273.6811012,-289.8788172,..
Netherlands,Renewables and waste,"Oil refineries, transformation (PJ)",26. Netherlands,06. Renewables and waste,"06. Oil refineries, transformation (PJ)",0,0,0,0,0,0,0,0,0,0,0,0,0,0,0,0,0,0,0,0,0,0,0,0,0,0,0,0,0,0,0,0,0,0,0,0,0,0,0,0,0,0,0,0,0,0,0,0,0,0,0,0,..
Netherlands,Renewables and waste,Total final consumption (PJ),26. Netherlands,06. Renewables and waste,07. Total final consumption (PJ),0,0,0,0,0,0,0,0,0,0,0,0,0,0,0,0,0,7.155999011,7.161998695,17.0224821,17.16571671,17.42032021,17.83497251,18.17517932,18.61598237,19.51262745,20.44543812,20.87556483,21.38835154,21.79156131,22.76734948,22.82209608,23.39129572,25.49454726,26.42798176,31.09682479,44.01147413,43.9826522,48.03501824,42.37544016,45.71062829,46.41336174,46.922037,51.76369858,50.69922561,48.67525532,53.61847191,67.26612945,74.64707266,71.94466492,74.95192194,71.94378569,..
Netherlands,Renewables and waste,Industry (PJ),26. Netherlands,06. Renewables and waste,08. Industry (PJ),0,0,0,0,0,0,0,0,0,0,0,0,0,0,0,0,0,1.049999198,1.049999198,1.728997675,1.85099684,2.137001335,2.155000388,2.239000157,2.41200292,2.516003032,2.480000738,2.50799787,2.58899989,2.572001482,2.620999602,2.886999566,3.321999713,4.263008134,4.384977991,5.393980044,5.491988845,5.521999828,5.314983502,4.298457769,3.768986668,4.229002944,4.34400178,6.094996902,6.620318885,6.629663822,6.612313723,9.296734972,8.29581763,7.732948424,7.454287577,7.194362659,..
Netherlands,Renewables and waste,Transport (PJ),26. Netherlands,06. Renewables and waste,09. Transport (PJ),0,0,0,0,0,0,0,0,0,0,0,0,0,0,0,0,0,0,0,0,0,0,0,0,0,0,0,0,0,0,0,0,0,0,0,1.734000901,13.83399944,12.02610152,15.62494919,9.57500226,13.45199999,13.09200218,12.5270019,14.6230019,12.32468735,9.877724647,12.69324298,20.56051232,25.6599761,21.96309451,24.8675949,22.98994907,..
Netherlands,Renewables and waste,Residential (PJ),26. Netherlands,06. Renewables and waste,10. Residential (PJ),0,0,0,0,0,0,0,0,0,0,0,0,0,0,0,0,0,0.05599845,0.0619981344,12.93148027,12.86571402,12.92532149,13.06697349,13.27118048,13.51598267,13.93862757,14.08643417,14.21555927,14.32234779,14.38956268,14.34735136,14.3160969,14.68529311,15.43953676,16.23899784,16.99784697,17.01548596,17.1985496,17.50408552,17.89397708,18.24564316,17.79436055,17.89703344,17.79969453,17.65315653,17.48700337,17.34292302,17.37087829,17.22236831,17.10915723,17.11964935,17.12935436,..
Netherlands,Renewables and waste,Commercial and public services (PJ),26. Netherlands,06. Renewables and waste,11. Commercial and public services (PJ),0,0,0,0,0,0,0,0,0,0,0,0,0,0,0,0,0,0,0,2.274998263,2.36199578,2.269999224,2.522999174,2.574002772,2.595007948,2.963999005,3.783004074,4.057000826,4.383006008,4.736995762,5.706993586,5.527999512,5.293002802,5.701998733,5.525998222,6.098999483,6.231000913,7.124999944,6.841997384,7.219994249,6.749000183,6.191996684,6.215999609,6.335997484,6.102516395,6.14003431,7.470138802,8.368580027,9.037396206,9.227640211,8.53802401,8.117187808,..
Netherlands,Renewables and waste,Other final consumption (PJ),26. Netherlands,06. Renewables and waste,12. Other final consumption (PJ),0,0,0,0,0,0,0,0,0,0,0,0,0,0,0,0,0,6.050001362,6.050001362,0.087001704,0.087001704,0.0879981624,0.0899994528,0.091000098,0.0930013884,0.0940020336,0.0959991372,0.094998492,0.0940020336,0.0930013884,0.0920007432,0.091000098,0.091000098,0.0899994528,0.2779993332,0.8719973964,1.438998973,2.111001307,2.749002638,3.388000428,3.494998289,5.106003566,5.938000276,6.910003577,7.998542269,8.540829166,9.499857574,11.66941965,14.43151441,15.91182036,16.9723661,16.51293179,..
Netherlands,Electricity,Production (PJ),26. Netherlands,07. Electricity,01. Production (PJ),0,0,0,0,0,0,0,0,0,0,0,0,0,0,0,0,0,0,0,0,0,0,0,0,0,0,0,0,0,0,0,0,0,0,0,0,0,0,0,0,0,0,0,0,0,0,0,0,0,0,0,0,0
Netherlands,Electricity,Imports (PJ),26. Netherlands,07. Electricity,02. Imports (PJ),0.003600648,0.0179990532,0.0252003492,0.0359981064,0.1908008496,0.0863988048,3.549598348,2.231999827,1.432798322,1.839600371,1.19879807,11.17799819,17.53199891,13.16880066,18.91080008,7.880399147,13.11839996,21.0491998,18.98640112,34.84440017,35.20080152,32.06160168,38.05920105,39.06000116,43.12440006,40.63680028,47.18519832,44.04240202,80.66880056,82.60560168,77.37120152,75.1320004,74.88360174,77.05799957,85.28759877,98.44560167,83.12039805,89.88120082,55.62719807,56.09879922,74.23200168,115.7606029,119.707202,118.2780002,110.7360326,87.32745379,80.84777789,96.31652176,73.45028007,71.18381869,75.18742525,66.76001231,70.36778206
Netherlands,Electricity,Exports (PJ),26. Netherlands,07. Electricity,03. Exports (PJ),-3.898798402,-5.273998916,-4.867201055,-5.360401908,-1.12320121,-1.249198769,-0.8712019044,-0.9899981676,-0.925199064,-2.94479834,-1.630800468,-0.8676012564,-0.81359991,-0.6263997084,-0.45719856,-0.0431994024,-0.0756010476,0,-1.267202009,-1.695599572,-2.239201123,-0.820801206,-0.9683984664,-1.040398866,-2.109598729,-2.516400778,-1.709997977,-1.512000018,-14.28480057,-14.51159952,-15.15240183,-16.1567984,-13.71239802,-18.67679982,-19.43280193,-21.1932006,-19.72800063,-32.81759959,-38.01959811,-46.10880135,-41.51159865,-54.16510471,-54.0539996,-65.26079878,-79.24275973,-69.63571589,-68.22540906,-67.62479167,-70.37143295,-80.75819293,-74.27680463,-82.11904528,-90.74209901
Netherlands,Electricity,Total energy supply (PJ),26. Netherlands,07. Electricity,04. Total energy supply (PJ),-3.89520194,-5.255999863,-4.842000706,-5.324399615,-0.93240036,-1.162799964,2.67840063,1.24200166,0.5075992584,-1.10519797,-0.4319982108,10.31040112,16.718399,12.54240095,18.45360152,7.837199744,13.04279891,21.0491998,17.71919911,33.14880059,32.96160039,31.24080047,37.0907984,38.01959811,41.01480134,38.12039951,45.47520034,42.530402,66.38399999,68.09399797,62.21879969,58.975202,61.17119953,58.38119975,65.85480103,77.25240107,63.3924016,57.06360123,17.60759996,9.990002063,32.72039884,61.59549822,65.65319824,53.01720138,31.49327289,17.69173789,12.62236883,28.69173009,3.078847116,-9.57437424,0.9106206264,-15.35903297,-20.37431695
Netherlands,Electricity,"Electricity, CHP and heat plants (PJ)",26. Netherlands,07. Electricity,"05. Electricity, CHP and heat plants (PJ)",161.6543995,178.3836005,189.4572008,197.139602,195.3287984,209.2931999,209.8296002,221.7456014,232.070401,233.3016007,230.5908026,217.1232026,214.7400007,226.0008054,226.6091977,241.7688008,246.3084015,250.5996035,262.9800004,259.0848027,267.7824024,278.1216045,277.7724003,287.5248014,292.1615945,307.5228004,311.4827973,328.0103996,312.1919993,322.6715974,337.1868018,345.5315966,348.5411982,364.3667998,359.7155999,355.7987983,378.5976032,387.1872044,409.2840044,429.3684022,410.2668012,371.6424031,365.8679979,372.0924046,396.7667996,414.568801,421.8038594,411.7669652,437.080492,443.8012689,439.5352128,438.5157647,..
Netherlands,Electricity,"Oil refineries, transformation (PJ)",26. Netherlands,07. Electricity,"06. Oil refineries, transformation (PJ)",0,0,0,0,0,0,0,0,0,0,0,0,0,0,0,0,0,0,0,0,0,0,0,0,0,0,0,0,0,0,0,0,0,0,0,0,0,0,0,0,0,0,0,0,0,0,0,0,0,0,0,0,..
Netherlands,Electricity,Total final consumption (PJ),26. Netherlands,07. Electricity,07. Total final consumption (PJ),135.8172004,149.2380003,159.6348003,170.5500014,172.4796012,184.6008017,188.8415989,198.320401,206.8199986,206.6579987,204.7140005,202.5792014,206.8992003,214.1999998,221.266799,224.2116015,234.536401,245.9879982,254.1960019,256.9582809,263.9802437,269.7300013,274.1051277,285.6307266,289.1979304,301.126915,313.015074,323.8911578,332.0336381,341.8895788,348.5450543,354.3571282,359.8922745,368.7501868,375.4591779,380.0739694,387.9035743,390.3248551,376.7608792,387.5113716,387.9564494,375.1763345,376.386709,365.6812457,373.2362886,376.7342888,380.9449745,388.3093212,387.5045429,382.86327,384.3208165,373.6288555,..
Netherlands,Electricity,Industry (PJ),26. Netherlands,07. Electricity,08. Industry (PJ),70.01640068,77.38199928,81.76680142,88.31159881,83.44440194,87.78239985,93.98519848,99.97560074,104.6591981,101.070001,99.74880179,95.7779988,97.14240156,100.209601,102.4127998,103.9247998,108.1188011,113.4252017,116.5860012,119.7010809,119.8758463,120.9780005,121.2275254,129.2539266,130.6863314,135.0373126,138.2314767,140.9427563,143.1524363,145.1315785,146.0234548,148.4011302,145.9082718,148.3365907,149.1523761,149.4327703,151.8407748,150.7736558,131.3128818,140.7673712,140.4384479,125.8536338,125.2461123,119.425041,123.7866985,128.1211293,128.9448864,130.8731883,128.6775048,128.6011626,127.2935036,123.2431598,..
Netherlands,Electricity,Transport (PJ),26. Netherlands,07. Electricity,09. Transport (PJ),3.423600788,3.319198744,3.221997995,3.240001235,3.240001235,3.297599042,3.258000288,3.315598096,3.427201436,3.520801537,3.646799096,3.7835986,3.812399597,3.909600346,3.981600745,4.111198952,4.219201645,4.179598704,4.319998855,4.629600155,4.924798862,5.032801555,5.216401109,5.241601458,5.353200612,5.662801912,5.680800965,5.896797977,5.93280027,5.900398625,5.709601962,5.641198024,5.74199942,5.965201915,5.824801764,5.810399172,5.724000367,5.846401465,6.040798776,6.321599078,6.267601919,6.346799428,6.299999377,6.177598279,6.502510706,6.916480556,7.189472477,7.789784234,8.454949524,8.280703282,9.708213676,12.04015661,..
Netherlands,Electricity,Residential (PJ),26. Netherlands,07. Electricity,10. Residential (PJ),33.57719816,36.03600113,39.45240062,40.47119978,44.77680023,48.63960053,49.07519939,51.68880091,53.83440194,54.5292014,54.51839945,53.97839855,55.09439846,57.06000058,57.60000148,58.32000129,59.76000091,55.79999987,57.60000148,56.42639958,58.4784005,59.84639972,61.21439893,63.26639986,65.10600023,66.09959904,67.42439886,68.74919868,70.57440064,72.06840161,73.07639883,75.40199875,77.10479962,77.46480162,78.46560173,79.49159801,80.16480195,81.00359802,82.33919978,82.77839929,82.95480174,84.10798462,84.09945192,82.18549817,79.85499969,79.15913259,78.51944398,77.72773266,77.73784378,79.07535891,80.89128711,80.52893632,..
Netherlands,Electricity,Commercial and public services (PJ),26. Netherlands,07. Electricity,11. Commercial and public services (PJ),28.80000074,32.50080118,35.19360022,38.52720156,41.01840198,44.88119809,42.52320071,43.34040126,38.86920031,41.23799964,40.17600108,42.41519801,44.22600157,46.14479945,50.14439925,50.82840095,55.50120051,65.71800153,68.93639888,66.76200104,69.59520023,71.99280056,74.08800088,74.33639954,74.59199949,80.22239976,87.22439989,93.67200072,96.7932015,103.6655992,108.1620005,109.5156014,114.5340003,118.5911979,121.312798,124.6572012,127.5011982,129.2003984,131.5692019,132.3576015,132.8795991,130.0665092,130.6170943,128.1239386,130.7640803,130.346807,131.8948973,133.0378853,131.0496284,128.5470357,129.5704529,132.7404676,..
Netherlands,Electricity,Other final consumption (PJ),26. Netherlands,07. Electricity,12. Other final consumption (PJ),0,0,0,0,0,0,0,0,6.030001019,6.299999377,6.623999082,6.623999082,6.623999082,6.875998387,7.128001879,7.027200482,6.93720103,6.86520063,6.753601476,9.439199215,11.10600198,11.87999895,12.35880139,13.53239911,13.46039871,14.10480166,14.45400172,14.63039997,15.58079939,15.12360083,15.57359809,15.39719983,16.6031992,18.39239887,20.7036004,20.68200069,22.67279897,23.50080148,25.49880105,25.2864005,25.41599871,28.80140332,30.12405112,29.76916958,32.32799939,32.19074352,34.3962744,38.88073076,41.58462063,38.35901361,36.85736336,25.07613522,..
Netherlands,Heat,Production (PJ),26. Netherlands,08. Heat,01. Production (PJ),0,0,0,0,0,0,0,0,0,0,0,0,0,0,0,0,0,0,0,0,0,0,0,0,0,0,0,0,0,0,0,0,0,0,0,0,0,0,0,0,0,0,0,0,6.691787561,7.325878421,8.278911331,8.045811241,9.031099259,12.41857634,11.8106781,10.7731765,8.031111386
Netherlands,Heat,Imports (PJ),26. Netherlands,08. Heat,02. Imports (PJ),0,0,0,0,0,0,0,0,0,0,0,0,0,0,0,0,0,0,0,0,0,0,0,0,0,0,0,0,0,0,0,0,0,0,0,0,0,0,0,0,0,0,0,0,0,0,0,0,0,0,0,0,0
Netherlands,Heat,Exports (PJ),26. Netherlands,08. Heat,03. Exports (PJ),0,0,0,0,0,0,0,0,0,0,0,0,0,0,0,0,0,0,0,0,0,0,0,0,0,0,0,0,0,0,0,0,0,0,0,0,0,0,0,0,0,0,0,0,0,0,0,0,0,0,0,0,0
Netherlands,Heat,Total energy supply (PJ),26. Netherlands,08. Heat,04. Total energy supply (PJ),0,0,0,0,0,0,0,0,0,0,0,0,0,0,0,0,0,0,0,0,0,0,0,0,0,0,0,0,0,0,0,0,0,0,0,0,0,0,0,0,0,0,0,0,6.691787561,7.325878421,8.278911331,8.045811241,9.031099259,12.41857634,11.8106781,10.7731765,8.031111386
Netherlands,Heat,"Electricity, CHP and heat plants (PJ)",26. Netherlands,08. Heat,"05. Electricity, CHP and heat plants (PJ)",0,0,0,0,0,0,0,0,0,0,0,6.530001235,7.480002902,8.788997549,11.74200202,15.68399982,12.6330033,11.57399829,11.85200181,48.00300178,60.21700269,59.45400026,73.35499687,94.90000172,130.0560003,142.761004,161.2400026,182.8590008,176.4459997,172.3669972,171.8629986,179.0029999,181.8110029,187.4029976,178.4959993,151.9039997,150.759002,150.2259972,152.1499993,159.8779989,153.9510015,149.1170018,150.0900016,147.1569974,123.7227619,119.0880706,114.9833109,102.1611773,104.7129063,93.67311441,98.89780538,92.53122332,..
Netherlands,Heat,"Oil refineries, transformation (PJ)",26. Netherlands,08. Heat,"06. Oil refineries, transformation (PJ)",0,0,0,0,0,0,0,0,0,0,0,0,0,0,0,0,0,0,0,0,0,0,0,0,0,0,0,0,0,0,0,0,0,0,0,0,0,0,0,0,0,0,0,0,0,0,0,0,0,0,0,0,..
Netherlands,Heat,Total final consumption (PJ),26. Netherlands,08. Heat,07. Total final consumption (PJ),0,0,0,0,0,0,0,0,0,0,0,5.55199825,6.358999763,7.468999992,9.981000443,13.33199793,10.737999,9.838000289,10.07400183,46.21200178,52.91699869,52.9130003,64.51100152,88.885002,118.2610018,129.9239989,142.998002,162.8369989,157.0790017,154.8390009,155.2280007,161.4619993,161.6060001,167.9140005,161.1610019,134.4269986,134.0959985,133.068001,119.7109995,125.6070019,119.3170006,112.5589988,112.7640013,109.0949996,94.84118555,92.84404846,88.23946024,83.88267616,86.9074382,79.48997771,83.89752674,76.57231402,..
Netherlands,Heat,Industry (PJ),26. Netherlands,08. Heat,08. Industry (PJ),0,0,0,0,0,0,0,0,0,0,0,0,0,0,0,0,0,0,0,37.66199934,43.11999974,40.2400005,48.34099795,70.29200098,93.70799882,98.04999931,110.6069996,123.6689992,122.4050001,121.0230002,121.5739998,124.6689996,128.2980006,135.8910011,133.0849994,105.6650014,104.8910002,104.9859987,89.90699988,95.1239997,92.40200193,89.09200158,88.70200116,87.84999992,73.36613795,70.6575463,64.34457622,60.20052763,62.25940747,55.4060806,58.88051333,54.41145183,..
Netherlands,Heat,Transport (PJ),26. Netherlands,08. Heat,09. Transport (PJ),0,0,0,0,0,0,0,0,0,0,0,0,0,0,0,0,0,0,0,0,0,0,0,0,0,0,0,0,0,0,0,0,0,0,0,0,0,0,0,0,0,0,0,0,0,0,0,0,0,0,0,0,..
Netherlands,Heat,Residential (PJ),26. Netherlands,08. Heat,10. Residential (PJ),0,0,0,0,0,0,0,0,0,0,0,1.520000993,2.001997969,2.879999237,3.847999957,5.065998692,4.079998919,4.350001464,4.430999297,4.700001197,4.729999619,6.019998754,6.635001992,6.700002062,6.144999854,7.716000258,6.801000239,6.875001929,6.843998675,7.137999958,8.237997922,8.118000047,8.854001806,9.089999161,8.806000144,8.815998222,8.646001582,9.853998052,10.01600209,12.17299958,10.45700192,12.10500176,13.62399792,10.91799791,12.07800109,12.2746509,11.94128532,12.50381958,12.08174409,11.78030286,13.28039981,10.68650136,..
Netherlands,Heat,Commercial and public services (PJ),26. Netherlands,08. Heat,11. Commercial and public services (PJ),0,0,0,0,0,0,0,0,0,0,0,2.821999496,3.050000064,3.211999916,4.292998182,5.785998502,4.661001155,3.842000273,3.949998779,1.950998558,2.440000051,2.917998634,4.248999101,5.151999751,10.03400114,12.10500176,10.91899855,16.12299836,12.33399879,11.8240005,11.35599999,16.23600009,13.5749998,13.63600148,10.00000014,11.45799881,13.24100202,11.9889981,14.24699795,12.81999835,11.60899994,6.871999993,6.252001902,6.14100146,5.897049185,6.21185049,8.254355749,7.678658189,9.066821036,9.021641278,8.142614244,7.869253885,..
Netherlands,Heat,Other final consumption (PJ),26. Netherlands,08. Heat,12. Other final consumption (PJ),0,0,0,0,0,0,0,0,0,0,0,1.210001947,1.30700173,1.377000839,1.839998117,2.480000738,1.99699893,1.645998552,1.692999569,1.898998502,2.626999286,3.734998225,5.285998285,6.740999208,8.374001933,12.05300171,14.67099937,16.16999938,15.49599994,14.85400022,14.05999872,12.43899955,10.87900205,9.29699874,9.269998067,8.488000123,7.317998863,6.239001888,5.540999526,5.490000115,4.849001035,4.489999682,4.186000321,4.186000321,3.500001515,3.700000764,3.699242953,3.499666571,3.499461418,3.281952971,3.593999362,3.605111129,..
Netherlands,Total,Production (PJ),26. Netherlands,11. Total,01. Production (PJ),1563.835357,2001.023898,2377.147496,2793.776064,2987.37844,3196.061468,3184.441109,2929.291312,3079.969237,3007.837259,2795.659203,2406.184561,2588.003816,2635.772851,2778.018979,2609.745337,2594.14612,2314.533114,2492.926127,2535.567672,2824.004509,2825.160602,2879.792137,2790.157894,2801.10064,3131.350434,2785.073063,2676.56847,2506.388937,2448.438396,2565.951242,2566.015291,2472.245231,2857.084478,2615.242145,2573.755868,2520.982062,2835.574295,2637.42696,2980.532578,2782.031135,2767.933485,2920.511777,2523.764195,2023.144956,1944.548261,1735.555226,1540.694361,1380.55678,1143.307789,1100.935288,999.3483513,840.3595449
Netherlands,Total,Imports (PJ),26. Netherlands,11. Total,02. Imports (PJ),3063.309265,3349.350155,3620.255069,3345.372545,2879.241849,3277.661769,3052.234794,3160.328516,3611.693168,3674.974854,3387.874636,3494.947721,3615.738458,3743.680497,3698.486532,4122.722362,3980.23785,4178.728603,4309.313514,4316.483823,4278.247952,4224.289298,4298.772675,4264.239308,4349.836722,4524.368207,4764.300468,4731.210571,4762.650337,5318.813745,5548.55971,5672.297201,5704.30252,5947.834617,6385.266117,6693.707108,6521.436537,6705.807777,6895.084644,7288.969928,7137.201309,7537.169792,7455.76944,7406.335985,8117.845633,8354.689757,7452.484469,7467.366809,7707.61962,6924.099812,7305.480587,7812.258864,7452.916107
Netherlands,Total,Exports (PJ),26. Netherlands,11. Total,03. Exports (PJ),-2057.979433,-2417.899575,-2870.99142,-3088.510179,-2974.505759,-3254.932347,-3120.730264,-2886.016041,-3308.685371,-3534.293228,-3314.890581,-3225.215191,-3511.815634,-3529.461962,-3560.045058,-3566.665239,-3490.4057,-3306.523274,-3610.739373,-3538.761214,-3631.979499,-3573.089302,-3680.400243,-3480.540255,-3602.638518,-3853.610307,-3787.012663,-3638.044397,-3596.78731,-3863.586874,-4198.598926,-4283.587001,-4137.049972,-4620.272643,-4828.974352,-5099.349854,-4968.764068,-5331.376042,-5543.877055,-6109.909438,-5966.875463,-6334.884419,-6544.867306,-6271.254466,-6536.161496,-6728.735007,-5667.42928,-5534.52626,-5357.755524,-4545.137046,-5224.175251,-5190.238591,-5223.838808
Netherlands,Total,Total energy supply (PJ),26. Netherlands,11. Total,04. Total energy supply (PJ),2130.061869,2445.075056,2596.050938,2553.037467,2471.467776,2735.612096,2645.946742,2721.997088,2861.947987,2695.189342,2547.054702,2268.525144,2367.897423,2505.208808,2539.218905,2634.426155,2694.404392,2670.690357,2688.481188,2809.878149,2915.375252,2892.094111,2955.516795,2967.510102,3062.914244,3218.501644,3129.915475,3153.012254,3101.693027,3130.729577,3213.482085,3248.487288,3369.069477,3398.666196,3343.791617,3312.929233,3300.651822,3274.092991,3229.218584,3463.567667,3223.2935,3226.328917,3158.038717,2976.478365,2834.958957,3002.958841,2958.818217,2796.656758,2999.192869,2905.154649,2975.453529,2650.034315,2543.718785
Netherlands,Total,"Electricity, CHP and heat plants (PJ)",26. Netherlands,11. Total,"05. Electricity, CHP and heat plants (PJ)",-258.7112355,-296.2355184,-313.0041464,-334.0294103,-319.4678246,-325.9649008,-341.0835779,-338.5732648,-357.8091992,-352.6629312,-345.1563253,-330.8657805,-328.3816097,-335.3879348,-333.290775,-352.3963409,-356.0723219,-357.857607,-372.0469317,-329.6632436,-335.617564,-344.1379407,-347.8593695,-353.3719155,-364.4036688,-365.8927921,-355.1707029,-366.7859663,-342.3214975,-359.5768787,-388.7194602,-398.5557187,-401.0345765,-407.1081914,-398.1601834,-364.8052248,-382.8258442,-392.5575793,-402.0508845,-406.3047654,-367.2805363,-347.4248299,-336.2072832,-367.3294632,-401.1985316,-397.1992583,-374.0548498,-347.3619316,-344.1361152,-317.4154091,-316.0764789,-293.2250919,..
Netherlands,Total,"Oil refineries, transformation (PJ)",26. Netherlands,11. Total,"06. Oil refineries, transformation (PJ)",-70.27383864,-74.97037317,-77.27224231,-65.67087491,-59.10431454,-64.6147881,-58.97214145,-46.84134481,-51.05135643,-30.76177194,-31.82920916,-19.81527448,-18.36080947,-19.09175776,-12.67176051,-15.83796102,-13.4361697,-13.12712943,-6.123676482,-24.95253669,-32.39118239,-31.75249023,-31.88915576,-17.42755081,-37.00110877,-42.5614555,-48.56612219,-55.12829898,-46.23160438,-38.25440223,-45.5069949,-42.18950856,-49.89039028,-52.93250241,-46.39721744,-48.23289896,-58.15520466,-44.25779613,-48.05530747,-59.09669875,-46.41980522,-54.59269422,-41.74579987,-34.77529703,-20.49954832,-26.33146346,-20.69330924,-9.635543388,-4.579073852,-11.98652788,-16.76224317,-23.02235072,..
Netherlands,Total,Total final consumption (PJ),26. Netherlands,11. Total,07. Total final consumption (PJ),1573.279618,1860.599794,1995.297301,1932.479048,1918.617537,2158.167238,2088.929268,2257.233277,2435.172344,2274.19516,2199.838714,1903.243063,2011.464986,2059.17829,2115.886759,2300.675053,2214.568919,2034.665497,2028.064953,2258.420369,2341.078406,2311.661087,2355.466474,2370.540989,2415.792275,2579.227304,2486.731857,2478.340413,2477.438902,2486.95176,2517.345274,2546.747684,2642.356787,2658.763257,2639.240321,2628.186508,2578.530834,2562.009478,2524.642987,2732.806011,2530.077378,2557.834447,2508.137131,2309.636765,2333.886363,2400.623147,2448.317351,2419.494147,2356.396676,2291.959199,2340.72576,2072.616013,..
Netherlands,Total,Industry (PJ),26. Netherlands,11. Total,08. Industry (PJ),466.6837135,535.5484888,565.8247929,569.6516454,422.999015,445.6466136,484.1379845,528.5817122,587.3899321,515.6188184,538.2577169,517.9234257,511.3098811,519.0973709,500.1319834,478.28627,522.3191135,465.6301932,473.0882029,616.2982956,604.946495,598.5441199,598.9799198,621.5331898,627.3947391,657.0879099,644.7256083,643.3088329,666.527151,651.5531278,648.7544529,663.0121482,667.0319744,672.8554238,667.1538144,654.2822096,658.3258252,627.5864569,570.9490635,609.9879799,588.9249051,584.3923926,572.769346,562.4439352,559.1586453,588.335345,588.6111463,581.8915961,569.0236044,564.4795029,563.9117017,523.4196642,..
Netherlands,Total,Transport (PJ),26. Netherlands,11. Total,09. Transport (PJ),243.4906767,260.0118774,273.5641932,254.7662022,274.1058018,315.4403993,325.4653946,319.8070014,311.613999,317.899801,323.7523947,311.3819959,318.1935971,323.9802027,322.3078022,335.0355988,336.8278046,349.9855982,365.8166007,385.7186048,392.4936008,412.922208,425.096003,417.4346028,421.312798,438.9136028,438.5758034,448.3521949,455.2776017,454.4059016,457.9187022,468.0863962,474.9064966,482.1763012,484.9423986,498.6146033,500.2657935,503.3533994,486.6677495,489.046099,494.0986036,473.6136965,451.6825975,416.3077005,420.8403093,421.1421859,435.5029434,444.2953909,444.4922207,379.2879228,386.1746854,384.6596249,..
Netherlands,Total,Residential (PJ),26. Netherlands,11. Total,10. Residential (PJ),449.4761791,522.539021,546.8429177,483.6083962,519.7336348,554.3757664,541.3168148,564.9864993,593.7667969,593.4624794,547.9568326,509.9400397,501.9388346,459.6440155,503.0612068,473.5396906,459.3716809,404.7789448,402.763055,435.1882803,491.5616121,460.6498188,482.3997759,458.659682,493.17257970000003,564.5180215,487.9196279,469.6988585,452.0132459,453.069563,477.300848,465.9107926,477.2845906,461.8511331,449.3585007,453.771346,417.1579935,460.8572496,461.0100929,521.6469772,429.3777471,453.747251,476.4714848,380.2019389,396.4449812,407.7603818,397.6812553,395.5594144,385.1576029,374.2325669,413.2591407,347.3080977,..
Netherlands,Total,Commercial and public services (PJ),26. Netherlands,11. Total,11. Commercial and public services (PJ),80.41400029,91.55280165,80.16880035,76.5092022,95.42860196,124.9109967,103.6515986,96.66050088,87.60869789,73.80709591,68.55370442,62.05219855,64.66709798,110.6116009,122.4724955,117.8011027,106.247804,268.9696993,265.5190979,214.6337983,240.2652958,229.5681013,243.9450994,233.8587005,242.6488075,276.6717031,260.9593042,267.0464006,256.5484058,263.4947968,279.0955965,276.9284,289.0562073,308.9595971,293.7053933,299.8264991,287.8548008,300.7110945,309.5445936,331.0045896,294.8157954,304.917606,305.0951975,268.8828358,281.9555787,282.234139,286.6536037,285.012152,277.0128059,261.2818595,269.6744885,252.4676281,..
Netherlands,Total,Other final consumption (PJ),26. Netherlands,11. Total,12. Other final consumption (PJ),333.2150568,450.947609,528.8966015,547.9436107,606.3504839,717.7934577,634.3574712,747.1975593,854.7929267,773.4069649,721.3180692,501.9453995,615.3555748,645.8450958,667.9132581,896.0123872,789.8025324,545.3010616,520.877996,606.5813817,611.8113983,609.9768389,605.0456761,639.0548264,631.263359,642.036075,654.551513,649.9341048,647.0725023,664.4283751,654.2756614,672.8099384,734.0775181,732.920789,744.0801978,721.6918584,714.926425,669.5012737,696.4714963,781.1203568,722.8603314,741.1635012,702.1185056,681.8003671,675.4868653,701.1511077,739.8683942,712.7355982,680.7104509,712.6773305,707.7057567,564.7610108,..
Netherlands,Fossil fuels,Electricity output (GWh),26. Netherlands,09. Fossil fuels,13. Electricity output (GWh),44499,49225,51519,51484,50120,53393,53709,56325,59869,59582,59310,56150,55830,59050,58604,62385,64158,65083,68071,67092,69561,71833,71395,73879,74847,78352,80846,83654,79004,81277,84938,86631,87255,90553,86789,85745,91695,92238,96966,102386,95619,84937,84812,85848,89364,93329,93023.915,89339.829,92191.963,83977.437,75398.421,66744.139,58224.87
Netherlands,Nuclear,Electricity output (GWh),26. Netherlands,05. Nuclear,13. Electricity output (GWh),405,326,1108,3277,3335,3872,3710,4060,3489,4200,3658,3897,3589,3711,3899,4216,3556,3675,4019,3502,3329,3800,3948,3967,4018,4160,2408,3814,3832,3926,3976,3915,4018,3822,3997,3469,4200,4169,4248,3969,4141,3915,2891,4091,4078,3960,3402.478,3514.77,3909.748,4087.363,3827.956,4156.313,3985.293
Netherlands,Renewable sources,Electricity output (GWh),26. Netherlands,10. Renewable sources,13. Electricity output (GWh),0,0,0,0,803,872,867,1211,1106,1024,1085,265,231,17,444,557,705,853,960,806,935,995,1107,1258,1405,1816,2017,2328,2507,2972,3302,3974,3962,5307,7445,8051,7583,9531,10837,11197,12322,12479,12106,11649,13688,14780,17438.536,18881.842,22803.19,32730.782,40355.69,48315.233,56869.67
Netherlands,Total,Electricity output (GWh),26. Netherlands,11. Total,13. Electricity output (GWh),44904,49551,52627,54761,54258,58137,58286,61596,64464,64806,64053,60312,59650,62778,62947,67158,68419,69611,73050,71968,74384,77257,77159,79867,81157,85423,86523,91115,86720,89631,93663,95981,96818,101214,99921,98833,105165,107552,113692,119270,113963,103234,101630,103359,110215,115154,117167.738,114379.713,121411.246,123279.426,122093.115,121809.934,121331.214
